model,stat,value
Mistral,interaction_asr_vs_Plain,29.03
Mistral,interaction_asr_vs_Matched,30.69
Mistral,interaction_xstest_vs_Plain,-15.73
Mistral,interaction_xstest_vs_Matched,-16.0
Mistral,matched_shift_asr,1.67
Mistral,matched_shift_orr_max,1.07
Mistral,auroc_Plain_M0,0.996
Mistral,auroc_Plain_M3,0.999
Mistral,auroc_ER_M0,0.996
Mistral,auroc_ER_M3,0.997
Mistral,auroc_DER_M0,0.996
Mistral,auroc_DER_M3,0.997
Mistral,auroc_DER++_M0,0.996
Mistral,auroc_DER++_M3,0.998
Llama,interaction_asr_vs_Plain,33.61
Llama,interaction_asr_vs_Matched,36.94
Llama,interaction_xstest_vs_Plain,-15.47
Llama,interaction_xstest_vs_Matched,-15.47
Llama,matched_shift_asr,3.33
Llama,matched_shift_orr_max,2.87
Llama,auroc_Plain_M0,0.996
Llama,auroc_Plain_M3,0.996
Llama,auroc_ER_M0,0.996
Llama,auroc_ER_M3,0.996
Llama,auroc_DER_M0,0.996
Llama,auroc_DER_M3,0.996
Llama,auroc_DER++_M0,0.996
Llama,auroc_DER++_M3,0.997
